"","album_ids","track","track_id","runtime"
"1","0S0KGZnfBGSIssfF54WSJh","!!!!!!!","0rQtoQXQfwpDW0c7Fw1NeM",13578
"2","0S0KGZnfBGSIssfF54WSJh","bad guy","2Fxmhks0bxGSBdJ92vM42m",194087
"3","0S0KGZnfBGSIssfF54WSJh","xanny","4QIo4oxwzzafcBWkKjDpXY",243725
"4","0S0KGZnfBGSIssfF54WSJh","you should see me in a crown","3XF5xLJHOQQRbWya6hBp7d",180952
"5","0S0KGZnfBGSIssfF54WSJh","all the good girls go to hell","6IRdLKIyS4p7XNiP8r6rsx",168839
"6","0S0KGZnfBGSIssfF54WSJh","wish you were gay","3Fj47GNK2kUF0uaEDgXLaD",221543
"7","0S0KGZnfBGSIssfF54WSJh","when the party's over","43zdsphuZLzwA9k4DJhU0I",196077
"8","0S0KGZnfBGSIssfF54WSJh","8","6X29iaaazwho3ab7GNue5r",173201
"9","0S0KGZnfBGSIssfF54WSJh","my strange addiction","3Tc57t9l2O8FwQZtQOvPXK",179889
"10","0S0KGZnfBGSIssfF54WSJh","bury a friend","4SSnFejRGlZikf02HLewEF",193143
"11","0S0KGZnfBGSIssfF54WSJh","ilomilo","7qEKqBCD2vE5vIBsrUitpD",156370
"12","0S0KGZnfBGSIssfF54WSJh","listen before i go","0tMSssfxAL2oV8Vri0mFHE",242652
"13","0S0KGZnfBGSIssfF54WSJh","i love you","6CcJMwBtXByIz4zQLzFkKc",291796
"14","0S0KGZnfBGSIssfF54WSJh","goodbye","3LgWsmilsrWXiPYQFRD0T7",119409
"15","7f6xPqyaolTiziKf5R5Z0c","Slow Burn","6ET9kf9riLETWs9lePUEAI",246133
"16","7f6xPqyaolTiziKf5R5Z0c","Lonely Weekend","3420nZEhm99I1bLc6Yx4XH",226666
"17","7f6xPqyaolTiziKf5R5Z0c","Butterflies","30VHURM5NOfoZmqp2iKawS",219053
"18","7f6xPqyaolTiziKf5R5Z0c","Oh, What A World","5ToJzoVfLYyF7ohMOBNObi",241466
"19","7f6xPqyaolTiziKf5R5Z0c","Mother","4FjkZp6GD6baaxqUYTqIJo",78186
"20","7f6xPqyaolTiziKf5R5Z0c","Love Is A Wild Thing","5F5lmpwXkxAJtvZqEguTRo",256146
"21","7f6xPqyaolTiziKf5R5Z0c","Space Cowboy","5bum4HbCDFoB9wpsc0sQky",216280
"22","7f6xPqyaolTiziKf5R5Z0c","Happy & Sad","04MoJkJzCoU9ukeewv5Vzu",243186
"23","7f6xPqyaolTiziKf5R5Z0c","Velvet Elvis","65krgqLiZqW12PZAUQ9l2x",154386
"24","7f6xPqyaolTiziKf5R5Z0c","Wonder Woman","38UCGIpo273uGgdBXbi992",240426
"25","7f6xPqyaolTiziKf5R5Z0c","High Horse","2U2Z1IXnmJIvlknWizFykZ",213693
"26","7f6xPqyaolTiziKf5R5Z0c","Golden Hour","0pMfPzdRiPAoSM9yWF4OcT",198453
"27","7f6xPqyaolTiziKf5R5Z0c","Rainbow","79qxwHypONUt3AFq0WPpT9",214293
"28","4PgleR09JVnm3zY1fW3XBA","24K Magic","6b8Be6ljOzmkOmFslEb23P",225983
"29","4PgleR09JVnm3zY1fW3XBA","Chunky","0mBKv9DkYfQHjdMcw2jdyI",186973
"30","4PgleR09JVnm3zY1fW3XBA","Perm","1I6pKIyaBp4OebTGLJpCCC",210053
"31","4PgleR09JVnm3zY1fW3XBA","That's What I Like","0KKkJNfGyhkQ5aFogxQAPU",206693
"32","4PgleR09JVnm3zY1fW3XBA","Versace on the Floor","0kN8xEmgMW9mh7UmDYHlJP",261240
"33","4PgleR09JVnm3zY1fW3XBA","Straight up & Down","2mrZYZGmPFV3QOyYPZ1zsn",198186
"34","4PgleR09JVnm3zY1fW3XBA","Calling All My Lovelies","6ObpR8ek44tvWefQRcSo8K",250080
"35","4PgleR09JVnm3zY1fW3XBA","Finesse","5XMkENs3GfeRza8MfVAhjK",191000
"36","4PgleR09JVnm3zY1fW3XBA","Too Good to Say Goodbye","0B0tYbVp7pDQAqKDhgMeaL",281826
"37","0K4pIOOsfJ9lK8OjrZfXzd","Hello","4sPmO7WMQUAf45kwMOtONw",295493
"38","0K4pIOOsfJ9lK8OjrZfXzd","Send My Love (To Your New Lover)","4BHzQ9C00ceJxfG16AlNWb",223080
"39","0K4pIOOsfJ9lK8OjrZfXzd","I Miss You","0QLXkoV7vX86QEibgLe6zQ",348626
"40","0K4pIOOsfJ9lK8OjrZfXzd","When We Were Young","7IWkJwX9C0J7tHurTD7ViL",290906
"41","0K4pIOOsfJ9lK8OjrZfXzd","Remedy","7GgQi7JTG4b6J4iEF4RTjF",245426
"42","0K4pIOOsfJ9lK8OjrZfXzd","Water Under the Bridge","4vb4mFvYsr2h6enhjJsq9Y",240426
"43","0K4pIOOsfJ9lK8OjrZfXzd","River Lea","60jkAyuEyOnQKlrppOTYYx",225426
"44","0K4pIOOsfJ9lK8OjrZfXzd","Love in the Dark","6oQRvWaoFDJpTTnaWdzhXt",285946
"45","0K4pIOOsfJ9lK8OjrZfXzd","Million Years Ago","5VwSwu1zeiMGAjwe9nUmzZ",227066
"46","0K4pIOOsfJ9lK8OjrZfXzd","All I Ask","1wMALZpuqAy7amQsFBWQ8m",271800
"47","0K4pIOOsfJ9lK8OjrZfXzd","Sweetest Devotion","7nY8TY0Wk7kBIJi2Zv8JoR",251693
"48","2QJmrSgbdM35R67eoGQo4j","Welcome To New York","6qnM0XXPZOINWA778uNqQ9",212600
"49","2QJmrSgbdM35R67eoGQo4j","Blank Space","1p80LdxRV74UKvL8gnD7ky",231826
"50","2QJmrSgbdM35R67eoGQo4j","Style","4lIxdJw6W3Fg4vUIYCB0S5",231000
"51","2QJmrSgbdM35R67eoGQo4j","Out Of The Woods","5OndtwLGA9O6XHFcGm2H7r",235800
"52","2QJmrSgbdM35R67eoGQo4j","All You Had To Do Was Stay","0dAb8TY433dl3ZfXYCLE19",193293
"53","2QJmrSgbdM35R67eoGQo4j","Shake It Off","5xTtaWoae3wi06K5WfVUUH",219200
"54","2QJmrSgbdM35R67eoGQo4j","I Wish You Would","3wmN11qXGL0HyPojvEE1D9",207440
"55","2QJmrSgbdM35R67eoGQo4j","Bad Blood","273dCMFseLcVsoSWx59IoE",211933
"56","2QJmrSgbdM35R67eoGQo4j","Wildest Dreams","59HjlYCeBsxdI0fcm3zglw",220440
"57","2QJmrSgbdM35R67eoGQo4j","How You Get The Girl","4dYUOfmWna6DFccnz732n8",247533
"58","2QJmrSgbdM35R67eoGQo4j","This Love","3oKMl2tJv4fdidkXUYMI5x",250093
"59","2QJmrSgbdM35R67eoGQo4j","I Know Places","3jBMHD19RZdAqG9iFQh7xc",195706
"60","2QJmrSgbdM35R67eoGQo4j","Clean","06WgOCf0LV2h4keYXDRnuh",271000
"61","2Qx7dgA5VjX8JDQaXVxzHu","Cycle","3jkxfvEeHyiZU3tKmhLhLe",39880
"62","2Qx7dgA5VjX8JDQaXVxzHu","Morning","65tH2GPMFCt8JtM2PM3MiX",319786
"63","2Qx7dgA5VjX8JDQaXVxzHu","Heart Is A Drum","573nT62vtbezncIwCfxIm7",271106
"64","2Qx7dgA5VjX8JDQaXVxzHu","Say Goodbye","4hNMZVwePbqggBQHu5ajGe",209240
"65","2Qx7dgA5VjX8JDQaXVxzHu","Blue Moon","4gNErDjikE9QUQvkkqoB1S",242346
"66","2Qx7dgA5VjX8JDQaXVxzHu","Unforgiven","4CffWSgPGSJXvBIJGP5O6a",274173
"67","2Qx7dgA5VjX8JDQaXVxzHu","Wave","4eThjQY0VmpdUFRRgXPZBe",220280
"68","2Qx7dgA5VjX8JDQaXVxzHu","Don't Let It Go","1h12pMnzdU1QHGbXJ05rkY",189173
"69","2Qx7dgA5VjX8JDQaXVxzHu","Blackbird Chain","23l3HJFdbOJcGmfuCI302h",266813
"70","2Qx7dgA5VjX8JDQaXVxzHu","Phase","3Y5AH2LeIiA9lgDJBKUApc",67213
"71","2Qx7dgA5VjX8JDQaXVxzHu","Turn Away","6Tdf6ngDboRqCwsew2zqyT",185760
"72","2Qx7dgA5VjX8JDQaXVxzHu","Country Down","1eaqts48eE3G24g9dNXBJD",240520
"73","2Qx7dgA5VjX8JDQaXVxzHu","Waking Light","7jLvQbNLLkDGRfB7xZdGok",300746
"74","4m2880jivSbbyEGAKfITCa","Give Life Back to Music","0dEIca2nhcxDUV8C5QkPYb",275386
"75","4m2880jivSbbyEGAKfITCa","The Game of Love","3ctALmweZBapfBdFiIVpji",322146
"76","4m2880jivSbbyEGAKfITCa","Giorgio by Moroder","0oks4FnzhNp5QPTZtoet7c",544626
"77","4m2880jivSbbyEGAKfITCa","Within","7Bxv0WL7UC6WwQpk9TzdMJ",228506
"78","4m2880jivSbbyEGAKfITCa","Instant Crush (feat. Julian Casablancas)","2cGxRwrMyEAp8dEbuZaVv6",337560
"79","4m2880jivSbbyEGAKfITCa","Lose Yourself to Dance (feat. Pharrell Williams)","5CMjjywI0eZMixPeqNd75R",353893
"80","4m2880jivSbbyEGAKfITCa","Touch (feat. Paul Williams)","7oaEjLP2dTJLJsITbAxTOz",498960
"81","4m2880jivSbbyEGAKfITCa","Get Lucky (feat. Pharrell Williams & Nile Rodgers)","69kOkLUCkxIZYexIgSG8rq",369626
"82","4m2880jivSbbyEGAKfITCa","Beyond","0k1xMUwn9sb7bZiqdT9ygx",290240
"83","4m2880jivSbbyEGAKfITCa","Motherboard","79koEJRtKOOGJ0VSAF3FMk",341653
"84","4m2880jivSbbyEGAKfITCa","Fragments of Time (feat. Todd Edwards)","0IedgQjjJ8Ad4B3UDQ5Lyn",279773
"85","4m2880jivSbbyEGAKfITCa","Doin' it Right (feat. Panda Bear)","36c4JohayB9qd64eidQMBi",251293
"86","4m2880jivSbbyEGAKfITCa","Contact","2KHRENHQzTIQ001nlP9Gdc",383626
"87","4Blt0T4LKGdWreILkYZre3","Babel","7nhItJUpHMXJURhZNyXHJs",208933
"88","4Blt0T4LKGdWreILkYZre3","Whispers in the Dark","0l58YQ6trzdxO3C9XFczZS",195866
"89","4Blt0T4LKGdWreILkYZre3","I Will Wait","0hm8rgOY17z7kQJlqGKbu7",276720
"90","4Blt0T4LKGdWreILkYZre3","Holland Road","4Bjugv3EniVJFRc52mA5bX",250840
"91","4Blt0T4LKGdWreILkYZre3","Ghosts That We Knew","4ClTOGZc8kcb8l58Vx5z5A",339720
"92","4Blt0T4LKGdWreILkYZre3","Lover of the Light","48dghEx4vhyQQfFLwxPfHD",314893
"93","4Blt0T4LKGdWreILkYZre3","Lovers' Eyes","7rMDB1bKHO0Sh8oTWWvdsJ",321120
"94","4Blt0T4LKGdWreILkYZre3","Reminder","4VrAGmxlj3ofLclSo5x7SF",124520
"95","4Blt0T4LKGdWreILkYZre3","Hopeless Wanderer","7rME25EmgXGVPQqKtU4CIK",307853
"96","4Blt0T4LKGdWreILkYZre3","Broken Crown","3xyfjVAwx5OAdhs40MtRxE",256226
"97","4Blt0T4LKGdWreILkYZre3","Below My Feet","0cBDCol7TFmvpT4A4YpxV3",290813
"98","4Blt0T4LKGdWreILkYZre3","Not with Haste","0cduKQMGWmt9nIPJa0QtQ9",249080
"99","4Blt0T4LKGdWreILkYZre3","For Those Below","6RF26DwHBGUCrDps8qI4OH",215812
"100","4Blt0T4LKGdWreILkYZre3","The Boxer","04Dqz6T7vL4APHblHSdR4q",245400
"101","4Blt0T4LKGdWreILkYZre3","Where Are You Now","1fbiarYX9ZHCDLp4mj8XHA",217675
"102","1azUkThwd2HfUDdeNeT147","Rolling in the Deep","1CkvWZme3pRgbzaxZnTl5X",228293
"103","1azUkThwd2HfUDdeNeT147","Rumour Has It","76N7FdzCI9OsiUnzJVLY2m",221426
"104","1azUkThwd2HfUDdeNeT147","Turning Tables","5O6yk6U8L3rTbFsIwuqe8H",250133
"105","1azUkThwd2HfUDdeNeT147","Don't You Remember","24cKN8P2uGWypxTw5WaNlq",243200
"106","1azUkThwd2HfUDdeNeT147","Set Fire to the Rain","3CKCZ9pfwAfoMZlMncA1Nc",241693
"107","1azUkThwd2HfUDdeNeT147","He Won't Go","4ThTvhGNae80mrLsMzs4Hb",277946
"108","1azUkThwd2HfUDdeNeT147","Take It All","6jL1DEdjmOa27inIgU088B",228213
"109","1azUkThwd2HfUDdeNeT147","I'll Be Waiting","3QEYmDt1FwOkFBFD74cEzZ",241653
"110","1azUkThwd2HfUDdeNeT147","One And Only","4I3KMa9p00MJwWbT0vi5iX",346813
"111","1azUkThwd2HfUDdeNeT147","Lovesong","2rnvHrNnkWMcAkl4S1WlRg",316440
"112","1azUkThwd2HfUDdeNeT147","Someone Like You","4kflIGfjdZJW4ot2ioixTB",285040
"113","3DrgM5X3yX1JP1liNLAOHI","The Suburbs","2UWdUez9MB9yzL7Y81Mcip",315200
"114","3DrgM5X3yX1JP1liNLAOHI","Ready to Start","01wsKcJ8ptqUmatpJlEGYj",255893
"115","3DrgM5X3yX1JP1liNLAOHI","Modern Man","2EIEJ1zpvjpHuL6eWKGDZ8",279760
"116","3DrgM5X3yX1JP1liNLAOHI","Rococo","13uyMAetJNWMWJamO4aynQ",236773
"117","3DrgM5X3yX1JP1liNLAOHI","Empty Room","634HZykqTbJhmdoq6v2w7i",171533
"118","3DrgM5X3yX1JP1liNLAOHI","City with No Children","323BsMMgAWt1XaPeU0bAeS",191600
"119","3DrgM5X3yX1JP1liNLAOHI","Half Light I","5vnK7vy2ChCUKjKVTbTJTy",253666
"120","3DrgM5X3yX1JP1liNLAOHI","Half Light II (No Celebration)","3kw3rqgqtF4F7xVmHqTsGj",267133
"121","3DrgM5X3yX1JP1liNLAOHI","Suburban War","2rtDHB2fSisS34D0ArWg06",285133
"122","3DrgM5X3yX1JP1liNLAOHI","Month of May","3SC5QsCtQ8xhuzbSxnsr3H",230720
"123","3DrgM5X3yX1JP1liNLAOHI","Wasted Hours","6336VDSySvOz7FD2EX7VcT",200720
"124","3DrgM5X3yX1JP1liNLAOHI","Deep Blue","4OtIszkveMtijHSIp3EP4d",268133
"125","3DrgM5X3yX1JP1liNLAOHI","We Used to Wait","37EmPMVwdBaKs7UhJOkHUU",301400
"126","3DrgM5X3yX1JP1liNLAOHI","Sprawl I (Flatland)","58tizBbohZFxRjGNaT7Brc",174226
"127","3DrgM5X3yX1JP1liNLAOHI","Sprawl II (Mountains Beyond Mountains)","0U0p8weaMIbIFMJ0CPlvHV",325546
"128","3DrgM5X3yX1JP1liNLAOHI","The Suburbs (continued)","3twmBbZV0Oss0cjZoHsZa1",87626
"129","2dqn5yOQWdyGwOpOIi9O4x","Fearless","6Eu31gddWw0gOGO506pJYA",241986
"130","2dqn5yOQWdyGwOpOIi9O4x","Fifteen","4t0OI7XrODjSkAu3bTPmWj",294333
"131","2dqn5yOQWdyGwOpOIi9O4x","Love Story","1vrd6UOGamcKNGnSHJQlSt",235266
"132","2dqn5yOQWdyGwOpOIi9O4x","Hey Stephen","4WXzzCof26KJLTK5kK53dS",254306
"133","2dqn5yOQWdyGwOpOIi9O4x","White Horse","6wn61Fzx9XMxQmieLpoIhW",234426
"134","2dqn5yOQWdyGwOpOIi9O4x","You Belong With Me","3GCL1PydwsLodcpv0Ll1ch",231133
"135","2dqn5yOQWdyGwOpOIi9O4x","Breathe","49mWEy5MgtNujgT7xU3emT",263973
"136","2dqn5yOQWdyGwOpOIi9O4x","Tell Me Why","3rnI1UCyGJvUTVvT97VQr5",200546
"137","2dqn5yOQWdyGwOpOIi9O4x","You're Not Sorry","0HmCuN0Z3OX1Qrz43FLOPL",261786
"138","2dqn5yOQWdyGwOpOIi9O4x","The Way I Loved You","5P4wWhUYWM0IaVYLuZxdar",244226
"139","2dqn5yOQWdyGwOpOIi9O4x","Forever & Always","47HtKpfzpAt8rQjjXWotFj",225320
"140","2dqn5yOQWdyGwOpOIi9O4x","The Best Day","3esA216TyLHEkNiBCeCmcg",245333
"141","2dqn5yOQWdyGwOpOIi9O4x","Change","1yACRKAwlXWhXXFUSkvzhD",280240
"142","54GfJ3ZEY2b6PKmvETmj1n","Rich Woman","4pD6dZayOsvT7B08esFWJs",243480
"143","54GfJ3ZEY2b6PKmvETmj1n","Killing the Blues","3KIoiyLwNxqHMfmlPFgDEG",255826
"144","54GfJ3ZEY2b6PKmvETmj1n","Sister Rosetta Goes Before Us","00nOWzG082dVONjO5rW609",205373
"145","54GfJ3ZEY2b6PKmvETmj1n","Polly Come Home","4UKTeNVJOwE420xf07UdK5",336106
"146","54GfJ3ZEY2b6PKmvETmj1n","Gone Gone Gone (Done Moved On)","7MRw8W5jZoG0SNNcHLgkEO",212840
"147","54GfJ3ZEY2b6PKmvETmj1n","Through the Morning, Through the Night","4T0xhIJcLnPL2RGnomaSPH",240626
"148","54GfJ3ZEY2b6PKmvETmj1n","Please Read The Letter","1m5N9YCZL4BXuSXdYmhRaj",353226
"149","54GfJ3ZEY2b6PKmvETmj1n","Trampled Rose","4hZ3EvDUlqrh2lno4d82ZM",333720
"150","54GfJ3ZEY2b6PKmvETmj1n","Fortune Teller","0CWzkgDMAQlNO9NGmKeuNr",270266
"151","54GfJ3ZEY2b6PKmvETmj1n","Stick with Me Baby","05Dy9AshGJutwaoqr8otyM",169626
"152","54GfJ3ZEY2b6PKmvETmj1n","Nothin'","7rfQ5C6A1jOFCEGG6BAPnI",332840
"153","54GfJ3ZEY2b6PKmvETmj1n","Let Your Loss Be Your Lesson","3kijqpwxirXi6YaU3ZFrZ6",241680
"154","54GfJ3ZEY2b6PKmvETmj1n","Your Long Journey","2GB8YfLNZWMY04AcrapRsM",234573
"155","3GwR5VxaMzB01ay6qIT3Yq","Court And Spark","3gWMoCASEIeR1K3WAGJQ2A",454986
"156","3GwR5VxaMzB01ay6qIT3Yq","Edith And The Kingpin","4JDhI64ngcTXeTr3gX1qW4",392026
"157","3GwR5VxaMzB01ay6qIT3Yq","Both Sides Now","2S6dk8S2NNvSGc6fGnBEBx",458160
"158","3GwR5VxaMzB01ay6qIT3Yq","River","7M0Od3nNXEdZ58O5FYNVvG",324960
"159","3GwR5VxaMzB01ay6qIT3Yq","Sweet Bird","48s2ZAJHAL0XrPDqHKOW3j",495000
"160","3GwR5VxaMzB01ay6qIT3Yq","The Tea Leaf Prophecy (Lay Down Your Arms)","4iRyloGgb4CKuzFeYm4VzI",393920
"161","3GwR5VxaMzB01ay6qIT3Yq","Solitude","3MUQEQpd2btoGL4nf4jAyJ",342000
"162","3GwR5VxaMzB01ay6qIT3Yq","Amelia","3V0lBG1CzYYJ1227B2Hg7y",446440
"163","3GwR5VxaMzB01ay6qIT3Yq","Nefertiti","5twe0zn2kikv71ghp4Bql9",449693
"164","3GwR5VxaMzB01ay6qIT3Yq","The Jungle Line","46aYYtrAbugwNJFWfJCNwG",300666
"165","2NeJdEWras0uSuzLPlJZk5","The Long Way Around","16D1W4BryVlcLI4JcTRFkU",272900
"166","2NeJdEWras0uSuzLPlJZk5","Easy Silence","1m9psn7vXZCkPA5Mykloh8",241900
"167","2NeJdEWras0uSuzLPlJZk5","Not Ready to Make Nice","6LCEyZZHFF4ebF1Mike1s5",237296
"168","2NeJdEWras0uSuzLPlJZk5","Everybody Knows","7lhMcWDg0NhBDpiGjsKFv2",258168
"169","2NeJdEWras0uSuzLPlJZk5","Bitter End","5MRjSqaWoxrWIqCUWsdaTV",277741
"170","2NeJdEWras0uSuzLPlJZk5","Lullaby","5GWyNA4n9hx5rhkK0KvQ83",350712
"171","2NeJdEWras0uSuzLPlJZk5","Lubbock or Leave It","3DLsyJ0RsORHNi9xf2BXqE",233594
"172","2NeJdEWras0uSuzLPlJZk5","Silent House","6iiHgQtu8bvMGmZVNoNrqw",323120
"173","2NeJdEWras0uSuzLPlJZk5","Favorite Year","74ELSqXSzjOlUThn7PrYpR",268386
"174","2NeJdEWras0uSuzLPlJZk5","Voice Inside My Head","1UmBzOxo2yvxnf1LffwBAo",351323
"175","2NeJdEWras0uSuzLPlJZk5","I Like It","0tDSipBySpCnoUH7dWlRPu",273325
"176","2NeJdEWras0uSuzLPlJZk5","Baby Hold On","3pGSmv6mC1DCb8NrvLkM1n",302920
"177","2NeJdEWras0uSuzLPlJZk5","So Hard","2HTr5KgGBxzA441AoWnpcA",267886
"178","2NeJdEWras0uSuzLPlJZk5","I Hope","7JswZITgIOXyZKnxIsy5RK",324692
"179","5PQPur1PEZFDkI0AXbxFlB","Vertigo","1gVVSmhWjci8l9Vrsl6HaS",193520
"180","5PQPur1PEZFDkI0AXbxFlB","Miracle Drug","2b6pyyrxfP79LhV2hLtTm4",234013
"181","5PQPur1PEZFDkI0AXbxFlB","Sometimes You Can't Make It On Your Own","6fzcnVO0X2cpYjsHk19GJo",305080
"182","5PQPur1PEZFDkI0AXbxFlB","Love And Peace Or Else","4JMwWWZXsqDy55G1ZhGV8m",287986
"183","5PQPur1PEZFDkI0AXbxFlB","City Of Blinding Lights","2R3wzFFjNYc1z3PSoO8FNV",345706
"184","5PQPur1PEZFDkI0AXbxFlB","All Because Of You","7eFTNCuoCYmzfdd7PLaw9r",214400
"185","5PQPur1PEZFDkI0AXbxFlB","A Man And A Woman","4lmQjE7oyemSZtaKTxz2Lk",267106
"186","5PQPur1PEZFDkI0AXbxFlB","Crumbs From Your Table","0ExjS2TkTWgmJdoXCa7rNx",299186
"187","5PQPur1PEZFDkI0AXbxFlB","One Step Closer","46RCVIUm7IJU78nMO4zRzN",228440
"188","5PQPur1PEZFDkI0AXbxFlB","Original Of The Species","6ml01NkC9AfM4OICOtRxEY",274120
"189","5PQPur1PEZFDkI0AXbxFlB","Yahweh","1H5QOvCduwR93MWvlm0zks",261573
"190","5PQPur1PEZFDkI0AXbxFlB","Fast Cars","7LHVnaVTlArnux4kbyFb6q",223000
"191","1UsmQ3bpJTyK6ygoOOjG1r","Intro","4xemN2xVVpfQfQUnvEjOEl",89386
"192","1UsmQ3bpJTyK6ygoOOjG1r","GhettoMusick","1zb9cdsTMrEEL2Ut8rmTb6",236720
"193","1UsmQ3bpJTyK6ygoOOjG1r","Unhappy","5fz2Z7m0u2AKCkdrGKXHtC",199360
"194","1UsmQ3bpJTyK6ygoOOjG1r","Bowtie (feat. Sleepy Brown & Jazze Pha)","5voPrNQYQ4kQoRZ9A2NghB",236640
"195","1UsmQ3bpJTyK6ygoOOjG1r","The Way You Move (feat. Sleepy Brown)","5z7mYFfhw6N6f23VwrokJD",234000
"196","1UsmQ3bpJTyK6ygoOOjG1r","The Rooster","0XcTOLKLorCgXa2KWzhM1D",237133
"197","1UsmQ3bpJTyK6ygoOOjG1r","Bust (feat. Killer Mike)","4KWLfZ2N2EfIa58vVmTB9z",188893
"198","1UsmQ3bpJTyK6ygoOOjG1r","War","0Asjj7E8L1tEmfaQhNfuVT",163773
"199","1UsmQ3bpJTyK6ygoOOjG1r","Church","31tw8G1CMOf4XNAWiwj41u",207266
"200","1UsmQ3bpJTyK6ygoOOjG1r","Bamboo (Interlude)","71VHyRlLpcb8GT9rH4zkSp",129866
"201","1UsmQ3bpJTyK6ygoOOjG1r","Tomb of the Boom (feat. Konkrete, Big Gipp & Ludacris)","5F3reBlMAHQ0mpzRM6Jite",286173
"202","1UsmQ3bpJTyK6ygoOOjG1r","E-Mac (Interlude)","7EkYV4UOurrJU5MOGR8uu2",24653
"203","1UsmQ3bpJTyK6ygoOOjG1r","Knowing","3Lpzt83fy4a9BdkLXi4vKZ",211946
"204","1UsmQ3bpJTyK6ygoOOjG1r","Flip Flop Rock (feat. Killer Mike & Jay-Z)","3cruThftOq6AYda82nQz3C",275826
"205","1UsmQ3bpJTyK6ygoOOjG1r","Interlude","11ZkoQqwKyQ84tBvaSehUh",75280
"206","1UsmQ3bpJTyK6ygoOOjG1r","Reset (feat. Khujo Goodie & Cee-Lo)","2PAcNOzhCHsDzsBfDysPnG",275720
"207","1UsmQ3bpJTyK6ygoOOjG1r","D-Boi (Interlude)","7ogkELY42bcSSvdzutxPtt",40520
"208","1UsmQ3bpJTyK6ygoOOjG1r","Last Call (feat. Slimm Calhoun, Lil' Jon, The EastSide Boyz & Mello)","1oPGTrHrMygoW9cbNxWx3N",237160
"209","1UsmQ3bpJTyK6ygoOOjG1r","Bowtie (Postlude)","7xrtSOPrFxjyavgkXEZ32U",35000
"210","1UsmQ3bpJTyK6ygoOOjG1r","The Love Below (Intro)","5oGCd3rzy0oW5F6t3vrDo9",87866
"211","1JvoMzqg04nC29gam4Qaiq","Don't Know Why","6ybViy2qrO9sIi41EgRJgx",186146
"212","1JvoMzqg04nC29gam4Qaiq","Seven Years","39kuVkJjfRjXqUpAtkDItK",145266
"213","1JvoMzqg04nC29gam4Qaiq","Cold Cold Heart","0yXT8TYRajNOaQUiw0mGgs",218626
"214","1JvoMzqg04nC29gam4Qaiq","Feelin' The Same Way","3qQQtyCT1L9sA8bIOMJgB5",177240
"215","1JvoMzqg04nC29gam4Qaiq","Come Away With Me","0Cvjlph1WGbwZY1PlMEtJY",198146
"216","1JvoMzqg04nC29gam4Qaiq","Shoot The Moon","4WKpe950P42BG5WCE1TOUO",237173
"217","1JvoMzqg04nC29gam4Qaiq","Turn Me On","6FjAGZp7c0Z2uaL3eHkXsx",154640
"218","1JvoMzqg04nC29gam4Qaiq","Lonestar","48eZIkw7epa5bSh830gDII",186080
"219","1JvoMzqg04nC29gam4Qaiq","I've Got To See You Again","32ZB23lHfTOFp8qfVaPxjP",253306
"220","1JvoMzqg04nC29gam4Qaiq","Painter Song","58oFWUTFWaUy5S4C0IyE0U",162214
"221","1JvoMzqg04nC29gam4Qaiq","One Flight Down","0e502JxKbRwKNDWmoODAUr",185680
"222","1JvoMzqg04nC29gam4Qaiq","Nightingale","0U5ef344e5mRJLNNMcVGFx",252253
"223","1JvoMzqg04nC29gam4Qaiq","The Long Day Is Over","6o5LJxDnSgLsXK4pcIOsQg",164560
"224","1JvoMzqg04nC29gam4Qaiq","The Nearness Of You","03gk2zRwm8uUZDbyZJtPgh",187666
"225","7gzX88qS3Vx2r87g5pbdfJ","Po Lazarus","4zaLofjF7P75K1ITQyEbfx",270800
"226","7gzX88qS3Vx2r87g5pbdfJ","Big Rock Candy Mountain","6fZZoEsSvvfJq26VoKslsP",136333
"227","7gzX88qS3Vx2r87g5pbdfJ","You Are My Sunshine","18L7Wu5zpWR5SH95apWaGk",267600
"228","7gzX88qS3Vx2r87g5pbdfJ","Down To The River To Pray","79x6uDDP9EAT5c35zOZhXv",175973
"229","7gzX88qS3Vx2r87g5pbdfJ","I Am A Man Of Constant Sorrow - Radio Edit","0YwNdeDFbGP6AGwsQrtzdY",190000
"230","7gzX88qS3Vx2r87g5pbdfJ","Hard Time Killing Floor Blues","3rlPaBlRjyNKHzJsvKV6dP",162426
"231","7gzX88qS3Vx2r87g5pbdfJ","I Am A Man Of Constant Sorrow - Instrumental","1UfCzxEkLWPVKlNe49NiJG",269400
"232","7gzX88qS3Vx2r87g5pbdfJ","Keep On The Sunny Side","3uHV4rbEWjIkNTn3qTPt0d",214306
"233","7gzX88qS3Vx2r87g5pbdfJ","I'll Fly Away","4rJtUMlnhJzlzlnxyoc3tb",237866
"234","7gzX88qS3Vx2r87g5pbdfJ","Didn't Leave Nobody But The Baby","7ESCrKC98mNhYZY9AenRMQ",117800
"235","7gzX88qS3Vx2r87g5pbdfJ","In The Highways","49rEKkP4P0nKhxMdPxaYzP",96133
"236","7gzX88qS3Vx2r87g5pbdfJ","I Am Weary (Let Me Rest)","2q6vKKi78GYvMtPT2eJMx6",194266
"237","7gzX88qS3Vx2r87g5pbdfJ","I Am A Man Of Constant Sorrow - Instrumental","39CbxPVnwNbbiHsen4NrxL",154133
"238","7gzX88qS3Vx2r87g5pbdfJ","O Death","16jWQYb9YpzdaOLG8DeHOB",199600
"239","7gzX88qS3Vx2r87g5pbdfJ","In The Jailhouse Now","7nCfgsjUCQUogw3MY5tEeR",216093
"240","7gzX88qS3Vx2r87g5pbdfJ","I Am A Man Of Constant Sorrow - With Band","6NfXJzeyMsV48pM6zegv0s",256973
"241","7gzX88qS3Vx2r87g5pbdfJ","Indian War Whoop","24KOm6f014u1lN5hdONqCb",90426
"242","7gzX88qS3Vx2r87g5pbdfJ","Lonesome Valley","3t3c70vtCfM9PwBjy4v4XH",247173
"243","7gzX88qS3Vx2r87g5pbdfJ","Angel Band","7oX4aM6C6xGSaweMtqapXS",135826
"244","2MJc2N3eFVT0ZabBN4zc32","Gaslighting Abbie","7qmqDmA44Fa9NxUFqNhgBD",353800
"245","2MJc2N3eFVT0ZabBN4zc32","What a Shame About Me","0EteUgvC5L6C6hShNTOENq",317400
"246","2MJc2N3eFVT0ZabBN4zc32","Two Against Nature","2C3Gjo4k42nkHMqWZSnWqM",377866
"247","2MJc2N3eFVT0ZabBN4zc32","Janie Runaway","7JIRmMwJpqepCjWYCVUcwl",249106
"248","2MJc2N3eFVT0ZabBN4zc32","Almost Gothic","1hBMuf9buRQkCxNrCS3Evt",249933
"249","2MJc2N3eFVT0ZabBN4zc32","Jack of Speed","1xN6Ib6AOP6XLL4dzgGsh7",377600
"250","2MJc2N3eFVT0ZabBN4zc32","Cousin Dupree","0tSetyzVMV1lSylhrYGZoS",328293
"251","2MJc2N3eFVT0ZabBN4zc32","Negative Girl","5eJIUxDDOHcRhRoSFXm5gc",334800
"252","2MJc2N3eFVT0ZabBN4zc32","West of Hollywood","5vX6EEjC11MiFdiEtH3qUz",501600
"253","10aiDpdFGyfCFEcqpx6XTq","(Da Le) Yaleo","3ZJMi7jX3j34ORbXFjrzQi",352293
"254","10aiDpdFGyfCFEcqpx6XTq","Love of My Life (feat. Dave Matthews & Carter Beauford)","7qtpPSLeZMGv0vrCZu5kxu",347640
"255","10aiDpdFGyfCFEcqpx6XTq","Put Your Lights On (feat. Everlast)","3uRaD26t3RkJ8n549udQ83",287493
"256","10aiDpdFGyfCFEcqpx6XTq","Africa Bamba","2otqdqFz0UIrHlxJYWJrDB",281093
"257","10aiDpdFGyfCFEcqpx6XTq","Smooth (feat. Rob Thomas)","0n2SEXB2qoRQg171q7XqeW",294986
"258","10aiDpdFGyfCFEcqpx6XTq","Do You Like the Way (feat. Lauryn Hill & Cee-Lo)","7dP57u5hv9TqZnfTlklyrt",353506
"259","10aiDpdFGyfCFEcqpx6XTq","Maria Maria (feat. The Product G&B)","3XKIUb7HzIF1Vu9usunMzc",261973
"260","10aiDpdFGyfCFEcqpx6XTq","Migra","7ksmIMXBwhNRX04sZYwThO",326706
"261","10aiDpdFGyfCFEcqpx6XTq","Corazon Espinado (feat. Mana)","2WoqgtWEBbbBKMDN6Becs7",274773
"262","10aiDpdFGyfCFEcqpx6XTq","Wishing It Was (feat. Eagle-Eye Cherry)","1lpjuCmK1R2z4oUe9ytNYy",291080
"263","10aiDpdFGyfCFEcqpx6XTq","El Farol","1guv0JLlFlWilOSy63IY2x",290840
"264","10aiDpdFGyfCFEcqpx6XTq","Primavera","478do7vDhmjKJCL22pe6dI",376320
"265","10aiDpdFGyfCFEcqpx6XTq","The Calling (feat. Eric Clapton)","7zXTkSIG2rCEV1zkN7eprO",469013
"266","10aiDpdFGyfCFEcqpx6XTq","Day of Celebration","1184WutH9nm8l1FqvqP83G",267866
"267","1BZoqf8Zje5nGdwZhOjAtD","Intro","34QTgJPSf9Nvpw3NrlX8pu",47293
"268","1BZoqf8Zje5nGdwZhOjAtD","Lost Ones","71XhXay6rKPZCVAaDtFlSR",333906
"269","1BZoqf8Zje5nGdwZhOjAtD","Ex-Factor","2VjXGuPVVxyhMgER3Uz2Fe",326533
"270","1BZoqf8Zje5nGdwZhOjAtD","To Zion (feat. Carlos Santana)","7x6hO9VMAee9x1iWaeNkL6",369293
"271","1BZoqf8Zje5nGdwZhOjAtD","Doo Wop (That Thing)","0uEp9E98JB5awlA084uaIg",320266
"272","1BZoqf8Zje5nGdwZhOjAtD","Superstar","4zSmsHur194jO2hGCTt6Hn",297106
"273","1BZoqf8Zje5nGdwZhOjAtD","Final Hour","7nY3NA1AvORewLU3BU7GNX",256000
"274","1BZoqf8Zje5nGdwZhOjAtD","When It Hurts so Bad","3CNSWn2mISh7Ll3yJQbVEw",342200
"275","1BZoqf8Zje5nGdwZhOjAtD","I Used to Love Him (feat. Mary J. Blige)","3IRdgbdqDcmJBIa6TY2mKX",339866
"276","1BZoqf8Zje5nGdwZhOjAtD","Forgive Them Father","2RPhXg9D4JOkryUznL0aaB",315293
"277","1BZoqf8Zje5nGdwZhOjAtD","Every Ghetto, Every City","6ioEEcJzOpLyIO6Dgn1RYS",314706
"278","1BZoqf8Zje5nGdwZhOjAtD","Nothing Even Matters (feat. D'Angelo)","1Q0lOGB52skgfzdcq233vs",350533
"279","1BZoqf8Zje5nGdwZhOjAtD","Everything Is Everything","7t86fVeDAd63ThaR0ZkxXS",293266
"280","1BZoqf8Zje5nGdwZhOjAtD","The Miseducation of Lauryn Hill","12Y1GaS44vga0G3rUtjFAY",235466
"281","1BZoqf8Zje5nGdwZhOjAtD","Can't Take My Eyes Off of You - (I Love You Baby)","2GFExyKXf9383tSRSrEHEt",221466
"282","1BZoqf8Zje5nGdwZhOjAtD","Tell Him","7iCs98iS5n6KCI4q3H7zp9",280760
"283","185DHT5SvszXRrezx3lOjt","Love Sick","3O1hpSOaJDW4SelgUG2XT3",320866
"284","185DHT5SvszXRrezx3lOjt","Dirt Road Blues","5xNE6bGRS65lxMEBIl6xbT",214800
"285","185DHT5SvszXRrezx3lOjt","Standing in the Doorway","2xalFZmyjleCTdhKPxqzdh",462000
"286","185DHT5SvszXRrezx3lOjt","Million Miles","4VrZjVEmT5qQnkCOtMWZ9b",352040
"287","185DHT5SvszXRrezx3lOjt","Trying to Get to Heaven","0dgdP5q0irOwAn7hEvEep1",320706
"288","185DHT5SvszXRrezx3lOjt","Til I Fell in Love with You","7vAkFzx16TtzQrQFDxZr7v",315426
"289","185DHT5SvszXRrezx3lOjt","Not Dark Yet","1qbn6QrHG8XfnqVFKgNzKP",387733
"290","185DHT5SvszXRrezx3lOjt","Cold Irons Bound","2QCJcmHByVdv7d5MrGPV63",434360
"291","185DHT5SvszXRrezx3lOjt","Make You Feel My Love","6rfGPGghQL7SJmZPXprXIc",211000
"292","185DHT5SvszXRrezx3lOjt","Can't Wait","66AgNVlgzGwfFZ6cCDfHw4",346226
"293","185DHT5SvszXRrezx3lOjt","Highlands","1KeOceXRwh3e7qHa00jszs",991466
"294","2vk0n8aeQSO74VtQBbNDPR","It's All Coming Back to Me Now","5EQzuYfTZt7B2LqlvTF49l",456866
"295","2vk0n8aeQSO74VtQBbNDPR","Because You Loved Me (Theme from ""Up Close and Personal"")","28UMiBhn383n9S7GL4tsxD",273666
"296","2vk0n8aeQSO74VtQBbNDPR","Falling Into You","7KWMxUH7lORLTob6aMpXBU",258240
"297","2vk0n8aeQSO74VtQBbNDPR","Make You Happy","4YenwP7sh9N4jIb6YP7dEB",271226
"298","2vk0n8aeQSO74VtQBbNDPR","Seduces Me","2AOQu67ykWymbJyompxTJ2",226306
"299","2vk0n8aeQSO74VtQBbNDPR","All By Myself","0gsl92EMIScPGV1AU35nuD",312306
"300","2vk0n8aeQSO74VtQBbNDPR","Declaration Of Love","29002jpB0oFhkxzbL7rW8e",260533
"301","2vk0n8aeQSO74VtQBbNDPR","(You Make Me Feel Like) A Natural Woman","6yfx76QsLGsfkaPoCFliZ5",220893
"302","2vk0n8aeQSO74VtQBbNDPR","Dreamin' Of You","6Ku1myU5FfKc2zKERF9p9I",307733
"303","2vk0n8aeQSO74VtQBbNDPR","I Love You","7hyFKrPZo1Zv4D35MpTBdr",330200
"304","2vk0n8aeQSO74VtQBbNDPR","If That's What It Takes","0VZpmCCcRhT3DC7T03Z2zX",252493
"305","2vk0n8aeQSO74VtQBbNDPR","I Don't Know","7IO7mCItjtSPtzlCjQoAkR",278906
"306","2vk0n8aeQSO74VtQBbNDPR","River Deep, Mountain High","1qNjY6nEGbZ9XJ6rpaG0Eq",250560
"307","2vk0n8aeQSO74VtQBbNDPR","Your Light","0YYlJbsHyQjsJo5SB3cCyl",312493
"308","2vk0n8aeQSO74VtQBbNDPR","Call The Man","1yUIeh8Ej867Ypws1fgqTp",368266
"309","2vk0n8aeQSO74VtQBbNDPR","Fly","0LsWdE6bcHILiIRfCytDJC",178200
"310","5Ap3F8CxjjsQKZGASDcHNA","All I Really Want - 2015 Remaster","6rRIRMEhVclbTleCJQsrPm",284093
"311","5Ap3F8CxjjsQKZGASDcHNA","You Oughta Know - 2015 Remaster","3jS7bB0oXVOwGFZn3aE5NV",249493
"312","5Ap3F8CxjjsQKZGASDcHNA","Perfect - 2015 Remaster","71MfSDt9aSa43hcFQNYW8w",187506
"313","5Ap3F8CxjjsQKZGASDcHNA","Hand in My Pocket - 2015 Remaster","2lE7oRoKssULAtbWViL385",222013
"314","5Ap3F8CxjjsQKZGASDcHNA","Right Through You - 2015 Remaster","5YFIbauvzRGfW7xktVjR0I",176133
"315","5Ap3F8CxjjsQKZGASDcHNA","Forgiven - 2015 Remaster","2n1qxz4A57hRSSaLIVcVlH",300426
"316","5Ap3F8CxjjsQKZGASDcHNA","You Learn - 2015 Remaster","4l7YIni9bAiGwWMqK5wvgV",239640
"317","5Ap3F8CxjjsQKZGASDcHNA","Head over Feet - 2015 Remaster","735rjks7kQgWCjTQlIHMuH",267293
"318","5Ap3F8CxjjsQKZGASDcHNA","Mary Jane - 2015 Remaster","6AdHfdw2i0iVYPmrKO8j5N",280760
"319","5Ap3F8CxjjsQKZGASDcHNA","Ironic - 2015 Remaster","1d6KS9GH06JAd19uiBy9IE",230000
"320","5Ap3F8CxjjsQKZGASDcHNA","Not the Doctor - 2015 Remaster","3i4NqznVYpSzS05D74avnj",226266
"321","5Ap3F8CxjjsQKZGASDcHNA","Wake Up - 2015 Remaster","1KaGqYTsMiVLB8UiOU7dRG",295893
"322","5Ap3F8CxjjsQKZGASDcHNA","You Oughta Know (Jimmy the Saint Blend) / Your House - A Capella; 2015 Remaster","5UioohK5jouJ6dRj93Mf03",491013
"323","2y2RzWSrqQsOZwGlhkPp6D","Old Devil Moon - Live at Sony Studios, New York City, NY - April 1994","6SUm0NiyTPioVhGbbdHdrR",149333
"324","2y2RzWSrqQsOZwGlhkPp6D","Speak Low - Live at Sony Studios, New York City, NY - April 1994","0xXqknIhlLBKyAhBrWcE6l",190453
"325","2y2RzWSrqQsOZwGlhkPp6D","It Had to Be You - Live at Sony Studios, New York City, NY - April 1994","2fF1N3N3x1RoXSLcp39Byh",192200
"326","2y2RzWSrqQsOZwGlhkPp6D","I Love a Piano - Live at Sony Studios, New York City, NY - April 1994","58niVb2hGeqTmQvFnRxsku",117546
"327","2y2RzWSrqQsOZwGlhkPp6D","It Amazes Me - Live at Sony Studios, New York City, NY - April 1994","2Zz3RoFzcfYtzWPpCkiiGS",177160
"328","2y2RzWSrqQsOZwGlhkPp6D","The Girl I Love - Live at Sony Studios, New York City, NY - April 1994","3FK9lS3WVWXGziN08NkZu5",251706
"329","2y2RzWSrqQsOZwGlhkPp6D","Fly Me to the Moon (In Other Words) - Live at Sony Studios, New York City, NY - April 1994","6YNDwlmzhWcTHt70Mq9IIE",176813
"330","2y2RzWSrqQsOZwGlhkPp6D","You're All the World to Me - Live at Sony Studios, New York City, NY - April 1994","5HlMUQuzjkdhv5Y7ix2HZR",135560
"331","2y2RzWSrqQsOZwGlhkPp6D","Rags to Riches - Live at Sony Studios, New York City, NY - April 1994","6lh9brKBA9qvkBWwKCMfWT",83466
"332","2y2RzWSrqQsOZwGlhkPp6D","When Joanna Loved Me - Live at Sony Studios, New York City, NY - April 1994","7umi75VyhJygF9ie2d6tcS",196253
"333","2y2RzWSrqQsOZwGlhkPp6D","The Good Life / I Wanna Be Around - Live at Sony Studios, New York City, NY - April 1994","3hW8O0OAEOr3ubovTzmswF",201413
"334","2y2RzWSrqQsOZwGlhkPp6D","I Left My Heart In San Francisco - Live at Sony Studios, New York City, NY - April 1994","41lXZPD3XE7SEmAwkhcnCx",154880
"335","2y2RzWSrqQsOZwGlhkPp6D","Steppin' Out with My Baby - Live at Sony Studios, New York City, NY - April 1994","0m8gkoSVEsZFNa6n3zBPhl",193160
"336","2y2RzWSrqQsOZwGlhkPp6D","Moonglow - Live at Sony Studios, New York City, NY - April 1994","0Mgg7hAuhRg9MbPpHpY9sb",272040
"337","2y2RzWSrqQsOZwGlhkPp6D","They Can't Take That Away from Me (with Elvis Costello) - Live at Sony Studios, New York City, NY - April 1994","4M5oninGu0ar1re8Bvc8IR",207280
"338","2y2RzWSrqQsOZwGlhkPp6D","A Foggy Day - Live at Sony Studios, New York City, NY - April 1994","4zTSXb8Ozn8qveMhtfpVIW",135253
"339","2y2RzWSrqQsOZwGlhkPp6D","All of You - Live at Sony Studios, New York City, NY - April 1994","0SnPU2EDqdqC7D11vZjdVX",155853
"340","2y2RzWSrqQsOZwGlhkPp6D","Body and Soul - Live at Sony Studios, New York City, NY - April 1994","0dAeieDYYOj5GRJH6aPbre",233706
"341","2y2RzWSrqQsOZwGlhkPp6D","It Don't Mean a Thing If It Ain't Got That Swing - Live at Sony Studios, New York City, NY - April 1994","7bd9vYoh6Ji5zWyAHy3uXE",217520
"342","2y2RzWSrqQsOZwGlhkPp6D","Autumn Leaves / Indian Summer - Live at Sony Studios, New York City, NY - April 1994","4hZGKvGAYPiyF0YX8qigqV",289333
"343","7JVJlkNNobS0GSoy4tCS96","I Will Always Love You","4eHbdreAnSOrDDsFfc4Fpm",271093
"344","7JVJlkNNobS0GSoy4tCS96","I Have Nothing","31er9IGsfFbwqy1pH4aiTP",289160
"345","7JVJlkNNobS0GSoy4tCS96","I'm Every Woman","2eHj0klWkwRQuIrNlPpCPa",285106
"346","7JVJlkNNobS0GSoy4tCS96","Run to You","6M1M6cRtVkm5d0qTzkSEuK",264333
"347","7JVJlkNNobS0GSoy4tCS96","Queen of the Night - Radio Edit","7lARcL3Gu0wKcPcQ3t9xiF",188600
"348","7JVJlkNNobS0GSoy4tCS96","Jesus Loves Me","77ld03vIqCjakQkIQBPTVA",312506
"349","7JVJlkNNobS0GSoy4tCS96","Even If My Heart Would Break","0XyJW5i0GSBrKAzs0c2jr1",297733
"350","7JVJlkNNobS0GSoy4tCS96","Someday (I'm Coming Back)","2uu2bgubcIjivmsVbYgivF",297493
"351","7JVJlkNNobS0GSoy4tCS96","It's Gonna Be A Lovely Day","5A5Ej8R3QY9xb98dmVowmL",290333
"352","7JVJlkNNobS0GSoy4tCS96","What's So Funny 'Bout Peace, Love And Understanding","3cbHPZT4Dl9WJ6QsTvE9Dc",245173
"353","7JVJlkNNobS0GSoy4tCS96","Theme From The Bodyguard","7pFzrCFu9rDXwpACjPM18q",163360
"354","7JVJlkNNobS0GSoy4tCS96","Trust In Me (feat. Sass Jordan)","1QxMrnkL1MwMz1aOk54rFa",253640
"355","3ebyEGol0Abc7VAxYf7vEg","Signe - Acoustic; Live at MTV Unplugged, Bray Film Studios, Windsor, England, UK, 1/16/1992; 2013 Remaster","5DEPLRnrRCXcrqrpqZO5Bz",209413
"356","3ebyEGol0Abc7VAxYf7vEg","Before You Accuse Me - 2013 Remaster","3xsYslIyJbMLk8n9qlUnrb",239053
"357","3ebyEGol0Abc7VAxYf7vEg","Hey Hey - Acoustic; Live at MTV Unplugged, Bray Film Studios, Windsor, England, UK, 1/16/1992; 2013 Remaster","7d8L6hQ8VROqzjjjd35NcK",226373
"358","3ebyEGol0Abc7VAxYf7vEg","Tears in Heaven - Acoustic; Live at MTV Unplugged, Bray Film Studios, Windsor, England, UK, 1/16/1992; 2013 Remaster","612VcBshQcy4mpB2utGc3H",280000
"359","3ebyEGol0Abc7VAxYf7vEg","Lonely Stranger - Acoustic; Live at MTV Unplugged, Bray Film Studios, Windsor, England, UK, 1/16/1992; 2013 Remaster","5nZax8mmBCb4UYnW6ibvTb",327760
"360","3ebyEGol0Abc7VAxYf7vEg","Nobody Knows You When You're Down and Out - Acoustic; Live at MTV Unplugged, Bray Film Studios, Windsor, England, UK, 1/16/1992; 2013 Remaster","0Se82Sof9IOUY4VdR9un2A",235426
"361","3ebyEGol0Abc7VAxYf7vEg","Layla - Acoustic; Live at MTV Unplugged, Bray Film Studios, Windsor, England, UK, 1/16/1992; 2013 Remaster","3BEZCNZSmVv30vsMNSOCri",289026
"362","3ebyEGol0Abc7VAxYf7vEg","Running On Faith - Acoustic; Live at MTV Unplugged, Bray Film Studios, Windsor, England, UK, 1/16/1992; 2013 Remaster","64fZ1gcn7rEzbdibOP1inl",390893
"363","3ebyEGol0Abc7VAxYf7vEg","Walkin' Blues - Acoustic; Live at MTV Unplugged, Bray Film Studios, Windsor, England, UK, 1/16/1992; 2013 Remaster","5tdEWfBGNX7a7zD78tUwLZ",216800
"364","3ebyEGol0Abc7VAxYf7vEg","Alberta - Acoustic; Live at MTV Unplugged, Bray Film Studios, Windsor, England, UK, 1/16/1992; 2013 Remaster","2ahE4sVGcbb0gUfnSfbdtG",218373
"365","3ebyEGol0Abc7VAxYf7vEg","San Francisco Bay Blues - Acoustic; Live at MTV Unplugged, Bray Film Studios, Windsor, England, UK, 1/16/1992; 2013 Remaster","6nYnjk9PeOKXyDmRtACgWo",208693
"366","3ebyEGol0Abc7VAxYf7vEg","Malted Milk - Acoustic; Live at MTV Unplugged, Bray Film Studios, Windsor, England, UK, 1/16/1992; 2013 Remaster","5vq4OF5MzDORpeNO0IBZiS",217840
"367","3ebyEGol0Abc7VAxYf7vEg","Old Love - Acoustic; Live at MTV Unplugged, Bray Film Studios, Windsor, England, UK, 1/16/1992; 2013 Remaster","2KAQMHnDLzc3jr9tlLSJIC",471546
"368","3ebyEGol0Abc7VAxYf7vEg","Rollin' & Tumblin' - Acoustic; Live at MTV Unplugged, Bray Film Studios, Windsor, England, UK, 1/16/1992; 2013 Remaster","6sdRzg2xzToD4bXbBdmPw2",248346
"369","3ebyEGol0Abc7VAxYf7vEg","Circus - Acoustic; Live at MTV Unplugged, Bray Film Studios, Windsor, England, UK, 1/16/1992; 2013 Remaster","0YwOJEgeisBeOQv4GOtIYI",268093
"370","3ebyEGol0Abc7VAxYf7vEg","My Father's Eyes - Acoustic; Live at MTV Unplugged, Bray Film Studios, Windsor, England, UK, 1/16/1992; Take 1","7Ju1VkjdMB9QulZh2bPSqt",382040
"371","3ebyEGol0Abc7VAxYf7vEg","Running On Faith - Acoustic; Live at MTV Unplugged, Bray Film Studios, Windsor, England, UK, 1/16/1992; Take 1","3f5kxfFkRw9w0HQYydNXE0",391413
"372","3ebyEGol0Abc7VAxYf7vEg","Walkin' Blues - Acoustic; Live at MTV Unplugged, Bray Film Studios, Windsor, England, UK, 1/16/1992; Take 1","1rUI9dLlvBVwjTxaJxIRmJ",228506
"373","3ebyEGol0Abc7VAxYf7vEg","My Father's Eyes - Acoustic; Live at MTV Unplugged, Bray Film Studios, Windsor, England, UK, 1/16/1992; Take 2","2MgnRZCI9MR5owDFUfGPV5",402946
"374","3ebyEGol0Abc7VAxYf7vEg","Worried Life Blues - Acoustic; Live at MTV Unplugged, Bray Film Studios, Windsor, England, UK, 1/16/1992; 2013 Remaster","0VA1AEVgsyqoVyIY9egk1I",331653
"375","3Z4DrrPcAsTWOhDelLNwrK","The Very Thought Of You","0vpCN2D6KKMogar66fewKO",256959
"376","3Z4DrrPcAsTWOhDelLNwrK","(It's Only A) Paper Moon","05e0A1WUmLXPfBF6ZIVJ5B",205746
"377","3Z4DrrPcAsTWOhDelLNwrK","Route 66","3Xl8xZSAbRjJncKUD3Vsdm",181093
"378","3Z4DrrPcAsTWOhDelLNwrK","Mona Lisa","3aXrWtxYsWqFXnUteN4WjV",225706
"379","3Z4DrrPcAsTWOhDelLNwrK","L-O-V-E","49FS5WEzPuIBEUqylwZnmX",151826
"380","3Z4DrrPcAsTWOhDelLNwrK","This Can't Be Love","5JRVjfAjciI0q76orRCjwE",134000
"381","3Z4DrrPcAsTWOhDelLNwrK","Smile","5m8Wca9QzMsXeGazrb1Umn",218373
"382","3Z4DrrPcAsTWOhDelLNwrK","Lush Life","23r8saOCL3OLcCwykSB8QN",260560
"383","3Z4DrrPcAsTWOhDelLNwrK","That Sunday That Summer","2qCwgETi7rrjrDIkRuoTau",211666
"384","3Z4DrrPcAsTWOhDelLNwrK","Orange Colored Sky","3gsREkVD6lH3En2cHsUQdJ",147173
"385","3Z4DrrPcAsTWOhDelLNwrK","Medley: For Sentimental Reasons / Tenderly / Autumn Leaves","1AYsdRx4Vlit2DNLDVbv1l",452933
"386","3Z4DrrPcAsTWOhDelLNwrK","Straighten Up and Fly Right","2KxDVnlL1NPpjBloJrrgjZ",160426
"387","3Z4DrrPcAsTWOhDelLNwrK","Avalon","6ohx0LfqUHtWDVNMQtIZw7",111506
"388","3Z4DrrPcAsTWOhDelLNwrK","Don't Get Around Much Anymore","5zXVPt5JYbI6iRKdTIdhUv",154626
"389","3Z4DrrPcAsTWOhDelLNwrK","Too Young","28T5KRqgWnNHkyUPXr1GQR",273600
"390","3Z4DrrPcAsTWOhDelLNwrK","Nature Boy","2Oo724urzhihRVAbigegAC",204333
"391","3Z4DrrPcAsTWOhDelLNwrK","Darling, Je Vous Aime Beaucoup","4lBpYN9IfwoXusI4xvRug5",205160
"392","3Z4DrrPcAsTWOhDelLNwrK","Almost Like Being In Love","59lDSWOdOhrB6akU8ZIXbr",131440
"393","3Z4DrrPcAsTWOhDelLNwrK","Thou Swell","1A4powOhCdJ5oupRivJGVU",110693
"394","3Z4DrrPcAsTWOhDelLNwrK","Non Dimenticar","6CFs1HdqYZLDeAikK7F0b2",177506
"395","5DR4gcd3fj3E6XhbPTaF82","Prologue (2 Q's Rap)","4ZxY1JmN9gOW9QpzCHE8nj",64133
"396","5DR4gcd3fj3E6XhbPTaF82","Back On The Block","6Wcv74lOJgzCqxc9KQVapd",394133
"397","5DR4gcd3fj3E6XhbPTaF82","I Don't Go For That","4W6Wndm0QgPdbKSKSOdstI",311466
"398","5DR4gcd3fj3E6XhbPTaF82","I'll Be Good To You","4cLXNwNqXWT1CTR5Gyr7ei",294626
"399","5DR4gcd3fj3E6XhbPTaF82","The Verb To Be","3222PQpi7yRmdHPa6JMnx8",29106
"400","5DR4gcd3fj3E6XhbPTaF82","Wee B. Dooinit - Acappella Party","23XMG0bxEz9jH1E8EIc0y6",214226
"401","5DR4gcd3fj3E6XhbPTaF82","The Places You Find Love","5ZpAfrIRs7egjPUMtG4wL1",385173
"402","5DR4gcd3fj3E6XhbPTaF82","Jazz Corner Of The Word","3Dcm4lKpl1xMDEzRosRqUL",174026
"403","5DR4gcd3fj3E6XhbPTaF82","Birdland","4hpjm7eW3MohWojTojQ4x2",333533
"404","5DR4gcd3fj3E6XhbPTaF82","Setembro","05jjChWlvR8JAvSZoY3wBn",305306
"405","5DR4gcd3fj3E6XhbPTaF82","One Man Woman","0W8hsSIggpSWEKuIibFjue",224426
"406","5DR4gcd3fj3E6XhbPTaF82","Tomorrow (A Better You, Better Me)","4jYuAdVCOMkEQJWV2qvlj6",286866
"407","5DR4gcd3fj3E6XhbPTaF82","Prelude To The Garden","1h1YbNYxxh2r7MUYflFlfg",54133
"408","5DR4gcd3fj3E6XhbPTaF82","The Secret Garden (Sweet Seduction Suite)","3PZW66625MiyEmZaat7tce",401066
"409","6wxpS5o0ty5CLqyH5fIRln","Nick Of Time","1gqk2dawfdLdn4XamF27cx",232866
"410","6wxpS5o0ty5CLqyH5fIRln","Thing Called Love","3g6lXYay6mqmtFmjzSYr66",232133
"411","6wxpS5o0ty5CLqyH5fIRln","Love Letter","6zmpnM7y0boAL61orTZ8gt",244560
"412","6wxpS5o0ty5CLqyH5fIRln","Cry On My Shoulder","6YQ2RgaJVn2aeFFsNHB4Yb",224200
"413","6wxpS5o0ty5CLqyH5fIRln","Real Man","7Fu24Eo9nj8dNIlsA2bWDI",267133
"414","6wxpS5o0ty5CLqyH5fIRln","Nobody's Girl","3N3Pa8T8epLgjMplqbetq8",194908
"415","6wxpS5o0ty5CLqyH5fIRln","Have A Heart","5DXvq6kWCNefq4qTSVGGGC",289970
"416","6wxpS5o0ty5CLqyH5fIRln","Too Soon To Tell","21bGSuzzoQOKcmz59uDuwH",225866
"417","6wxpS5o0ty5CLqyH5fIRln","I Will Not Be Denied","60ehUBvupVTvM2nabCExsB",295133
"418","6wxpS5o0ty5CLqyH5fIRln","I Ain't Gonna Let You Break My Heart Again","41a9nI6z6qZFyGnhBcHpAd",158313
"419","6wxpS5o0ty5CLqyH5fIRln","The Road's My Middle Name","7foznEgDV8wjlGQo6IME2l",211506
"420","34K1Kvskt9arWy8E1Gz3Lw","Faith - Remastered","0HEmnAUT8PHznIAAmVXqFJ",193200
"421","34K1Kvskt9arWy8E1Gz3Lw","Father Figure - Remastered","0L0T4tMAaGqLgIVj1MOj9t",336666
"422","34K1Kvskt9arWy8E1Gz3Lw","I Want Your Sex - Pts. 1 & 2 Remastered","6QnFHieoch6U9J8zfv6hml",557293
"423","34K1Kvskt9arWy8E1Gz3Lw","One More Try - Remastered","5932kbyNt445gDTT2chRUS",350666
"424","34K1Kvskt9arWy8E1Gz3Lw","Hard Day - Remastered","2nOtY4QR3Q0ZCFtPsODOr8",288066
"425","34K1Kvskt9arWy8E1Gz3Lw","Hand to Mouth - Remastered","4wLjiz87aGbmDhADeMQWwt",276200
"426","34K1Kvskt9arWy8E1Gz3Lw","Look at Your Hands - Remastered","1JKTgiCDNoi4NQo8Rfhn8C",277800
"427","34K1Kvskt9arWy8E1Gz3Lw","Monkey - Remastered","2nzPzkGP9QSZ1lqvXTfyzT",306120
"428","34K1Kvskt9arWy8E1Gz3Lw","Kissing a Fool - Remastered","1sEGwuvScFU2uNzlI7Aepy",280720
"429","34K1Kvskt9arWy8E1Gz3Lw","A Last Request (I Want Your Sex) - Remastered","7y72gopOlQxQHNwsQS15vW",227360
"430","5y6wlw1LnqFnQFruMeiwGU","Where The Streets Have No Name - Remastered","4qgZs0RNjdzKAS22lP0QjY",337505
"431","5y6wlw1LnqFnQFruMeiwGU","I Still Haven't Found What I'm Looking For","6wpGqhRvJGNNXwWlPmkMyO",277476
"432","5y6wlw1LnqFnQFruMeiwGU","With Or Without You - Remastered","6ADSaE87h8Y3lccZlBJdXH",295515
"433","5y6wlw1LnqFnQFruMeiwGU","Bullet The Blue Sky","12w7q5JN7tf22TzQtQiiBN",271546
"434","5y6wlw1LnqFnQFruMeiwGU","Running To Stand Still","4MLPCRYNhDIKcRjzS54ceu",257365
"435","5y6wlw1LnqFnQFruMeiwGU","Red Hill Mining Town","2G4F5Fc0DUFkkODwhWnbmt",292845
"436","5y6wlw1LnqFnQFruMeiwGU","In God's Country","1AQYE6CcYKlzM8e9Df5i1g",176596
"437","5y6wlw1LnqFnQFruMeiwGU","Trip Through Your Wires","6yXoCR2tdhuqClB4HyxzOq",211812
"438","5y6wlw1LnqFnQFruMeiwGU","One Tree Hill","3w3qWhplVQcO5aGU6Ipdhq",322168
"439","5y6wlw1LnqFnQFruMeiwGU","Exit","5I5XfaTmAxWlJzg8Eynjby",253029
"440","5y6wlw1LnqFnQFruMeiwGU","Mothers Of The Disappeared","0hyTCepHLrkjWBtczMxUxZ",314450
"441","5y6wlw1LnqFnQFruMeiwGU","Where The Streets Have No Name - Live","7zNI77Hq75Ne7JQg2efwAs",390407
"442","5y6wlw1LnqFnQFruMeiwGU","I Will Follow - Live","6sPhFkiaV0HNM7daKybHpe",238895
"443","5y6wlw1LnqFnQFruMeiwGU","Trip Through Your Wires - Live","5KE3eRamgPx3VpY77uTiYo",225984
"444","5y6wlw1LnqFnQFruMeiwGU","Medley: I Still Haven’t Found What I’m Looking For / Exodus - Live","6O9tZdjb9TneFWsqT8KCYW",351028
"445","5y6wlw1LnqFnQFruMeiwGU","MLK - Live","3RxrdgLVyENtIesgO7M0yJ",122267
"446","5y6wlw1LnqFnQFruMeiwGU","Bullet The Blue Sky - Live","7wRIOehAeJMt2l28GS5nas",347756
"447","5y6wlw1LnqFnQFruMeiwGU","Running To Stand Still - Live","6BAEDwFryXaDb3FigX8V56",285154
"448","5y6wlw1LnqFnQFruMeiwGU","In God’s Country - Live","5J5XcY7gQahOXVjkvSOIok",169376
"449","5y6wlw1LnqFnQFruMeiwGU","Sunday Bloody Sunday - Live","3Dm4bpRoGKlmfd98Qp7cVK",253293
"450","6WgGWYw6XXQyLTsWt7tXky","The Boy In the Bubble","00IrSynHsun7DpDrLkRIjM",239693
"451","6WgGWYw6XXQyLTsWt7tXky","Graceland","51KKQAgYFoJHgVIuJWHdHb",291200
"452","6WgGWYw6XXQyLTsWt7tXky","I Know What I Know (with General M.D.Shirinda & The Gaza Sisters)","1jBbbJQfOKyBsJNVng8eIy",193373
"453","6WgGWYw6XXQyLTsWt7tXky","Gumboots (with Boyoyo Boys)","26BtvjUZgQzIgYbXe4e6oR",164826
"454","6WgGWYw6XXQyLTsWt7tXky","Diamonds on the Soles of Her Shoes","71GvlH0VdeClloLIkHrAVu",349280
"455","6WgGWYw6XXQyLTsWt7tXky","You Can Call Me Al","0qxYx4F3vm1AOnfux6dDxP",280000
"456","6WgGWYw6XXQyLTsWt7tXky","Under African Skies","40ZTTezGy5R2Led0sO0kn6",217160
"457","6WgGWYw6XXQyLTsWt7tXky","Homeless (with Ladysmith Black Mambazo)","75fomtP3etOOIJDBAXVawy",228413
"458","6WgGWYw6XXQyLTsWt7tXky","Crazy Love, Vol. II","5YRzxz5G4vtaj0jOuGaMp8",259360
"459","6WgGWYw6XXQyLTsWt7tXky","That Was Your Mother (with Good Rockin' Doopsie & The Twisters)","2WBzF0a3DDzqjNF8V3ApAw",172813
"460","6WgGWYw6XXQyLTsWt7tXky","All Around the World or the Myth of Fingerprints (with Los Lobos)","4Yer5J62AsSebsDBr7xla6",197533
"461","6WgGWYw6XXQyLTsWt7tXky","Homeless (Demo)","22kWVu7uDmXDWENT5fUKH3",150733
"462","6WgGWYw6XXQyLTsWt7tXky","Diamonds on the Soles of Her Shoes - Alternate Unreleased Version","2zUYlhVoLdTFgOXVYmwq5j",281333
"463","6WgGWYw6XXQyLTsWt7tXky","All Around the World or the Myth of Fingerprints (Early Version)","4jSqmbZinf7lYyNomskIix",197733
"464","6WgGWYw6XXQyLTsWt7tXky","You Can Call Me Al - Demo","2ZkPJN0lHx7dZSfZ0LdHpE",124120
"465","6WgGWYw6XXQyLTsWt7tXky","Crazy Love - Demo","1x44b9WUQCferJvgKd2kGi",151120
"466","6WgGWYw6XXQyLTsWt7tXky","The Story of ""Graceland"" as Told by Paul Simon","6qxXWHksQRKpRAjxzuS0Vs",577013
"467","1rVhockt4RAiZFaK3M3zPB","Sussudio - 2016 Remaster","4qM461TqtpnP4GLRIXwEnW",263106
"468","1rVhockt4RAiZFaK3M3zPB","Only You Know and I Know - 2016 Remaster","1qdJnY1FejnmAQNyJB1E48",261453
"469","1rVhockt4RAiZFaK3M3zPB","Long Long Way to Go - 2016 Remaster","3Z792UJsk8AzUTbbo4kxqN",262866
"470","1rVhockt4RAiZFaK3M3zPB","I Don't Wanna Know - 2016 Remaster","5NUH412w03tW140zHvcsdO",255066
"471","1rVhockt4RAiZFaK3M3zPB","One More Night - 2016 Remaster","6fkvIT9KFKxO8poBeKfaEf",288973
"472","1rVhockt4RAiZFaK3M3zPB","Don't Lose My Number - 2016 Remaster","2ZIzyHDYsXIHUojfr6bAbO",288546
"473","1rVhockt4RAiZFaK3M3zPB","Who Said I Would - 2016 Remaster","6JrbcoCC9Zotanq4Or4nST",241786
"474","1rVhockt4RAiZFaK3M3zPB","Doesn't Anybody Stay Together Anymore - 2016 Remaster","1UpmVez0EGjEVT2fOnJZ4z",258600
"475","1rVhockt4RAiZFaK3M3zPB","Inside Out - 2016 Remaster","58gTIXqsg6sVmAscK3LpKx",315893
"476","1rVhockt4RAiZFaK3M3zPB","Take Me Home - 2016 Remaster","2s6wCS3vDZFPY9NOTlPXJZ",353573
"477","1rVhockt4RAiZFaK3M3zPB","We Said Hello Goodbye - 2016 Remaster","5KvxULNXi0YofO91RtrHsU",261253
"478","3alZBOvPaK3hgMEEymw4Yr","Can't Slow Down","0sg6aYZ955rNFb10YFn1nA",283373
"479","3alZBOvPaK3hgMEEymw4Yr","All Night Long (All Night)","28uI9fFNHCelCuLS613SVi",385693
"480","3alZBOvPaK3hgMEEymw4Yr","Penny Lover","4J13x9ukE3h3wqwHcAJB0Y",335173
"481","3alZBOvPaK3hgMEEymw4Yr","Stuck On You","0ROwoz82DIW4tOzkxYnSjf",195133
"482","3alZBOvPaK3hgMEEymw4Yr","Love Will Find A Way","5wEzDRitKXlJVaJaeyaLzB",376160
"483","3alZBOvPaK3hgMEEymw4Yr","The Only One","5jr9YRMgeSKW6845SqWLbK",264733
"484","3alZBOvPaK3hgMEEymw4Yr","Running With The Night","1dJX2lSiKGbkjKMB9PJuBq",362370
"485","3alZBOvPaK3hgMEEymw4Yr","Hello","0mHyWYXmmCB9iQyK18m3FQ",251106
"486","1C2h7mLntPSeVYciMRTF4a","Wanna Be Startin' Somethin'","2kulOHR2XY6YDZCWXb38hn",362373
"487","1C2h7mLntPSeVYciMRTF4a","Baby Be Mine","3bMveJpCPytU79V5A61Bb7",260186
"488","1C2h7mLntPSeVYciMRTF4a","The Girl Is Mine (with Paul McCartney)","1diEQsD8PJC9hXB5Gpfgtn",222040
"489","1C2h7mLntPSeVYciMRTF4a","Thriller","3S2R0EVwBSAVMd5UMgKTL0",357266
"490","1C2h7mLntPSeVYciMRTF4a","Beat It","1OOtq8tRnDM8kG2gqUPjAj",258040
"491","1C2h7mLntPSeVYciMRTF4a","Billie Jean","5ChkMS8OtdzJeqyybCc9R5",293826
"492","1C2h7mLntPSeVYciMRTF4a","Human Nature","35lAjvsvS9k9HHuP1fjDT8",245560
"493","1C2h7mLntPSeVYciMRTF4a","P.Y.T. (Pretty Young Thing)","5lA3pwMkBdd24StM90QrNR",238733
"494","1C2h7mLntPSeVYciMRTF4a","The Lady in My Life","4OpwADjlTmeRSWHkUrGXpz",298800
"495","1C2h7mLntPSeVYciMRTF4a","Vincent Price Excerpt From ""Thriller"" Voice-Over Session - Thriller 25th Anniversary Voice-Over Session","1G3EVrzpUJHM3p1rVXdWPc",24453
"496","1C2h7mLntPSeVYciMRTF4a","The Girl Is Mine 2008 with will.i.am (with will.i.am) - Thriller 25th Anniversary Remix","3P5LP0QEswwTGJSlESoeB5",190253
"497","1C2h7mLntPSeVYciMRTF4a","P.Y.T. (Pretty Young Thing) 2008 with will.i.am (with will.i.am) - Thriller 25th Anniversary Remix feat. willi.i.am","4tYeov7pG1Hk1xaRP94Io5",261133
"498","1C2h7mLntPSeVYciMRTF4a","Wanna Be Startin' Somethin' 2008 with Akon (with Akon) - Thriller 25th Anniversary Remix","15A3uqmUTxJ1KJGfAdiywb",254120
"499","1C2h7mLntPSeVYciMRTF4a","Beat It 2008 (with Fergie) - Thriller 25th Anniversary Remix feat. Fergie","4WOd40p1zhy3cWL0Eh4yAy",251186
"500","1C2h7mLntPSeVYciMRTF4a","Billie Jean 2008 Kanye West Mix (feat. Kanye West) - Thriller 25th Anniversary Remix","17bgTUPOnLLVavmeS2Pc0B",275933
"501","1C2h7mLntPSeVYciMRTF4a","For All Time","4NYi8J4w2AuI9qyv5bY2Nt",243853
"502","1C2h7mLntPSeVYciMRTF4a","Voice-Over Intro Quincy Jones Interview #1 / Quincy Jones Interview #1","3Xq33ThZ4gEje8gdVm85Ve",137893
"503","1C2h7mLntPSeVYciMRTF4a","Someone in the Dark","2CxNfpTOTaThbGNGTmQ9Xg",288426
"504","1C2h7mLntPSeVYciMRTF4a","Voice-Over Intro Quincy Jones Interview #2/Quincy Jones Interview #2 / Voice-Over Intro Billie Jean (Demo)","5hYxcTFDceQRd9jQKn6N6T",124066
"505","1C2h7mLntPSeVYciMRTF4a","Billie Jean (Home Demo from 1981)","0FsyTSZ4Ghi1SpKJvJfJnZ",140040
"506","62U7xIHcID94o20Of5ea4D","Rosanna","37BTh5g05cxBIRYMbw8g2T",331200
"507","62U7xIHcID94o20Of5ea4D","Make Believe","15taea6JZLAfG5OX0pzfG6",223133
"508","62U7xIHcID94o20Of5ea4D","I Won't Hold You Back","7D4EtbE7LfQiH8CWj7fQoz",293306
"509","62U7xIHcID94o20Of5ea4D","Good for You","2MuwL6v9qAOUag4fM4m1PA",197200
"510","62U7xIHcID94o20Of5ea4D","It's a Feeling","2mLgGFWNJQAYHRgNLg7C23",185293
"511","62U7xIHcID94o20Of5ea4D","Afraid of Love","7A0Z3hgvGhPMeG48KMjDdC",232000
"512","62U7xIHcID94o20Of5ea4D","Lovers in the Night","7C4RWcVSnCltMEdnn5Bw1U",265400
"513","62U7xIHcID94o20Of5ea4D","We Made It","59mGQw8bVSMQmEP1phItA6",236106
"514","62U7xIHcID94o20Of5ea4D","Waiting for Your Love","1CP967dCzbdR2RMejYyPFz",252666
"515","62U7xIHcID94o20Of5ea4D","Africa","2374M0fQpWi3dLnB54qaLX",295893
"516","1NWA2fPLUAW5df7UGI5thp","(Just Like) Starting Over - Remastered 2010","7tqQI7nmRAqX0g8bIYDXmF",236546
"517","1NWA2fPLUAW5df7UGI5thp","Kiss Kiss Kiss - Remastered 2010","4bf5FSF94FDybKcpMM4mdP",161986
"518","1NWA2fPLUAW5df7UGI5thp","Cleanup Time - Remastered 2010","6eJofUVk9ivGwORLGB2IzL",178586
"519","1NWA2fPLUAW5df7UGI5thp","Give Me Something - Remastered 2010","2kf7gE9hDTNA7ptQ7UWnTo",94933
"520","1NWA2fPLUAW5df7UGI5thp","I'm Losing You - Remastered 2010","0UPrJwM3KIQNMhyHCQIBt9",237160
"521","1NWA2fPLUAW5df7UGI5thp","I'm Moving On - Remastered 2010","1is52XCDuauuzc0wQCRcfq",141973
"522","1NWA2fPLUAW5df7UGI5thp","Beautiful Boy (Darling Boy) - Remastered 2010","5URfZHMlUWTWxPvvSBWcPk",245693
"523","1NWA2fPLUAW5df7UGI5thp","Watching The Wheels - Remastered 2010","26Kw6zBo3Uy98q5LTlFfVJ",239933
"524","1NWA2fPLUAW5df7UGI5thp","Yes, I'm Your Angel - Remastered 2010","6zNfdm9rz8yNeL8B6mCwrQ",189440
"525","1NWA2fPLUAW5df7UGI5thp","Woman - Remastered 2010","1BrbXIJ7b161oQ0PfC0K32",212933
"526","1NWA2fPLUAW5df7UGI5thp","Beautiful Boys - Remastered 2010","7KgI8baVpkFw0LZac7Txx3",175440
"527","1NWA2fPLUAW5df7UGI5thp","Dear Yoko - Remastered 2010","4DOotseelwjpEy2ofZy3Pe",154600
"528","1NWA2fPLUAW5df7UGI5thp","Every Man Has A Woman Who Loves Him - Remastered 2010","24ooSJNSbPMfKxxfeHF48S",243013
"529","1NWA2fPLUAW5df7UGI5thp","Hard Times Are Over - Remastered 2010","2nrigPYVLd2laXZOSjUmq8",199413
"530","2m2nl8cBT7bEgIA6LLmgah","Say You'll Be Mine","7ys2QcBgHEIO6tyaRF2nOt",176493
"531","2m2nl8cBT7bEgIA6LLmgah","I Really Don't Know Anymore","14QIzQLldgAVxrkDnaV8b7",233133
"532","2m2nl8cBT7bEgIA6LLmgah","Spinning","5ZX2hwZ7HrDYJZnJ6doXYf",246026
"533","2m2nl8cBT7bEgIA6LLmgah","Never Be the Same","2vUoP3ppYxD1F5ovbnmM46",249733
"534","2m2nl8cBT7bEgIA6LLmgah","Poor Shirley","7CEPmNcG5iFlWWD5wU4dAo",264826
"535","2m2nl8cBT7bEgIA6LLmgah","Ride Like the Wind","7gUMShP1l20tC0xf17Zplk",275506
"536","2m2nl8cBT7bEgIA6LLmgah","The Light Is On","3QTdMZBcOS0i5lWsbBGXLZ",251426
"537","2m2nl8cBT7bEgIA6LLmgah","Sailing","6Hu6dzwlvoyg3zBUC8k4BK",256146
"538","2m2nl8cBT7bEgIA6LLmgah","Minstrel Gigolo","0TQNzI7iV0lXGwUorMhHmG",355017
